Workbook

Sheet PRODUCTOS
A1: SKU | B1: Nombre de Producto | C1: Tipo Producto | D1: Categoria | E1: Descripcion corta | F1: Precio | G1: Stock calculado | H1: Activo | I1: Columna1 | J1: Columna2 | K1: Columna3 | L1: Columna4 | M1: Columna5 | N1: Columna6
A2: AUSTEN-001 | B2: The Jane Austen Collector's Box - Emma | C2: Kit | D2: Collector's Box | E2: Libro Emma de Jane Austen en pasta dura + totebag exclusiva Barnes & Noble + vela aroma Sweet Cherry & Amber + separador magnetico + stickers exclusivos | F2: =+VLOOKUP(A2,STOCK_AUTOMATICO!A:C,3,0) -> 1499 | G2: =+VLOOKUP(A2,STOCK_AUTOMATICO!$A:$E,5,0) -> 0 | H2: =IFERROR(IF(G2>0,"Si","Agotado"),"Agotado") -> Agotado
A3: AUSTEN-002 | B3: The Jane Austen Collector's Box - Pride and Prejudice | C3: Kit | D3: Collector's Box | E3: Libro Pride and Prejudice en pasta dura + tote bag exclusiva Pride and Prejudice + vela aroma Moonflower + separador magnetico + stickers exclusivos | F3: =+VLOOKUP(A3,STOCK_AUTOMATICO!A:C,3,0) -> 1499 | G3: =+VLOOKUP(A3,STOCK_AUTOMATICO!$A:$E,5,0) -> 0 | H3: =IFERROR(IF(G3>0,"Si","Agotado"),"Agotado") -> Agotado
A4: AUSTEN-003 | B4: The Jane Austen Collector's Box - Sense & Sensibility | C4: Kit | D4: Collector's Box | E4: Libro Sense and Sensibility en pasta dura + tote bag azul exclusiva B&N + vela aroma Moonflower & Vetiver + separador magnetico + stickers exclusivos | F4: =+VLOOKUP(A4,STOCK_AUTOMATICO!A:C,3,0) -> 1499 | G4: =+VLOOKUP(A4,STOCK_AUTOMATICO!$A:$E,5,0) -> 0 | H4: =IFERROR(IF(G4>0,"Si","Agotado"),"Agotado") -> Agotado
A5: LTWM-001 | B5: Collector's Box - Little Women | C5: Kit | D5: Collector's Box | E5: Libro Little Women de Louisa May Alcott en pasta dura + totebag exclusiva Barnes & Noble + vela aroma English Ivy & Clover + separador magnetico + 2 stickers | F5: =+VLOOKUP(A5,STOCK_AUTOMATICO!A:C,3,0) -> 1499 | G5: =+VLOOKUP(A5,STOCK_AUTOMATICO!$A:$E,5,0) -> 0 | H5: =IFERROR(IF(G5>0,"Si","Agotado"),"Agotado") -> Agotado
A6: VEL-017 | B6: Vela Harry Potter | C6: Producto individual | D6: Velas | E6: Vela Harry Potter | F6: 629 | G6: 1 | H6: =IFERROR(IF(G6>0,"Si","Agotado"),"Agotado") -> Si
A7: ACC-003 | B7: Gorra I love sports | C7: Producto individual | D7: Accesorios | E7: Gorra I love sports | F7: 649 | G7: 1 | H7: =IFERROR(IF(G7>0,"Si","Agotado"),"Agotado") -> Si
A8: PAP-004 | B8: Separador magnetico | C8: Producto individual | D8: Papeleria | E8: Separador magnetico | F8: 79 | G8: 4 | H8: =IFERROR(IF(G8>0,"Si","Agotado"),"Agotado") -> Si
A9: PAP-005 | B9: Reading journal | C9: Producto individual | D9: Papeleria | E9: Reading journal | F9: 799 | G9: 1 | H9: =IFERROR(IF(G9>0,"Si","Agotado"),"Agotado") -> Si
A10: ACC-006 | B10: Book cover | C10: Producto individual | D10: Accesorios | E10: Book cover | F10: 499 | G10: 2 | H10: =IFERROR(IF(G10>0,"Si","Agotado"),"Agotado") -> Si
A11: ACC-007 | B11: Cobija con diseno de libros | C11: Producto individual | D11: Accesorios | E11: Cobija con diseno de libros | F11: 899 | G11: 1 | H11: =IFERROR(IF(G11>0,"Si","Agotado"),"Agotado") -> Si
A12: VEL-008 | B12: Vela Orgullo y Prejuicio | C12: Producto individual | D12: Velas | E12: Vela Orgullo y Prejuicio | F12: 519 | G12: 0 | H12: =IFERROR(IF(G12>0,"Si","Agotado"),"Agotado") -> Agotado
A13: VEL-009 | B13: Vela Wuthering Heights | C13: Producto individual | D13: Velas | E13: Vela Orgullo y Prejuicio | F13: 519 | G13: 0 | H13: =IFERROR(IF(G13>0,"Si","Agotado"),"Agotado") -> Agotado
A14: PAP-009 | B14: Journal bordado (verde) | C14: Producto individual | D14: Papeleria | E14: Journal bordado (verde) | F14: 799 | G14: 1 | H14: =IFERROR(IF(G14>0,"Si","Agotado"),"Agotado") -> Si
A15: BAG-010 | B15: Tote bag Orgullo y Prejuicio | C15: Producto individual | D15: Tote bags | E15: Tote bag Orgullo y Prejuicio | F15: 649 | G15: 1 | H15: =IFERROR(IF(G15>0,"Si","Agotado"),"Agotado") -> Si
A16: BAG-011 | B16: Tote bag Toni Morrison | C16: Producto individual | D16: Tote bags | E16: Tote bag Toni Morrison | F16: 649 | G16: 1 | H16: =IFERROR(IF(G16>0,"Si","Agotado"),"Agotado") -> Si
A17: BAG-012 | B17: Tote bag I love sports romance | C17: Producto individual | D17: Tote bags | E17: Tote bag I love sports romance | F17: 519 | G17: 1 | H17: =IFERROR(IF(G17>0,"Si","Agotado"),"Agotado") -> Si
... A42: ACC-031 | B42: Llavero Rifle Paper Co. | C42: Producto individual | D42: Accesorios | E42: Llavero Rifle Paper Co. | F42: 449 | G42: 1 | H42: =IFERROR(IF(G42>0,"Si","Agotado"),"Agotado") -> Si

Sheet COMPONENTES
A1: SKU componente | B1: Nombre | C1: Stock actual | D1: CostoUSD | E1: Costo Unitario MXN
A2: 9780593622476 | B2: Emma by Jane Austen Hardcover Book | C2: 2 | D2: na | E2: =732/3 -> 244
A3: 9780593622469 | B3: Sense and Sensibility Jane Austen Hardcover | C3: 2 | D3: na | E3: =732/3 -> 244
A4: 9780593622452 | B4: Pride and Prejudice Jane Austen Hardcover | C4: 2 | D4: na | E4: =732/3 -> 244
A5: VEL-001 | B5: Taza Barnes & Noble | C5: 2 | D5: 18 | E5: =+D5*20 -> 360
A6: SEP-001 | B6: Separador floral | C6: 10 | D6: na | E6: 5
A7: BOT-001 | B7: Chocolates mini | C7: 50 | D7: na | E7: 10
A8: PLUM-001 | B8: Pluma Barnes & Noble | C8: 2 | D8: 20 | E8: =+D8*20 -> 400
A9: BAG-001 | B9: Totebag Barnes & Noble | C9: 2 | D9: 25 | E9: =+D9*20 -> 500
A10: ACC-001 | B10: Termo La Bella y la Bestia | C10: 1 | D10: na | E10: 432.2
A11: VEL-002 | B11: Vela Harry Potter | C11: 1 | D11: na | E11: 432.03
A12: ACC-003 | B12: Gorra I love sports | C12: 1 | D12: na | E12: 483.89
A13: PAP-004 | B13: Separador magnetico | C13: 4 | D13: na | E13: 46
A14: PAP-005 | B14: Reading journal | C14: 1 | D14: na | E14: 553.22
A15: ACC-006 | B15: Book cover | C15: 2 | D15: na | E15: 414.91
A16: ACC-007 | B16: Cobija con diseno de libros | C16: 1 | D16: na | E16: 604.91
A17: VEL-008 | B17: Vela Orgullo y Prejuicio | C17: 0 | D17: na | E17: 345.59
A18: PAP-009 | B18: Journal bordado (verde) | C18: 1 | D18: na | E18: 553.22
A19: BAG-010 | B19: Tote bag Orgullo y Prejuicio | C19: 1 | D19: na | E19: 432.2
A20: BAG-011 | B20: Tote bag Toni Morrison | C20: 1 | D20: na | E20: 432.03
A21: BAG-012 | B21: Tote bag I love sports romance | C21: 1 | D21: na | E21: 345.59
... A36: LIB-027 | B36: Emma (libro) | C36: 0 | D36: na | E36: 330
A37: ACC-028 | B37: Tazas Costco de flores | C37: 5 | D37: na
A38: PAP-029 | B38: Separador Rifle Paper Co. | C38: 1 | D38: na | E38: 170
A39: PAP-030 | B39: Pluma Rifle Paper Co. | C39: 2 | D39: na | E39: 280
A40: ACC-031 | B40: Llavero Rifle Paper Co. | C40: 1 | D40: na | E40: 330
A41: VEL-KIT-001 | B41: Vela Moonflower | D41: na | E41: 150
A42: VEL-KIT-002 | B42: Vela Sweet Cherry & Amber | D42: na | E42: 150
A43: VEL-KIT-003 | B43: Vela English Ivy & Clover | D43: na | E43: 150
A44: VEL-KIT-004 | B44: Vela Moonflower & Vetiver | D44: na | E44: 150
A45: STK-001 | B45: Stickers exclusivos | D45: na | E45: 10

Sheet KITS
A1: SKU kit | B1: SKU componente | C1: Nombre | D1: Costo | E1: Cantidad | F1: Stock Actual | G1: Kits posibles
A2: AUSTEN-001 | B2: 9780593622476 | C2: Emma by Jane Austen Hardcover Book | D2: =+VLOOKUP(B2,COMPONENTES!A:E,5,0) -> 244 | E2: 1 | F2: =+SUMIF(COMPONENTES!A:A,KITS!B2,COMPONENTES!C:C) -> 2 | G2: =ROUNDDOWN(F2/E2,0) -> 2
A3: AUSTEN-001 | B3: BAG-001 | C3: Totebag Barnes & Noble | D3: =+VLOOKUP(B3,COMPONENTES!A:E,5,0) -> 500 | E3: 1 | F3: =+SUMIF(COMPONENTES!A:A,KITS!B3,COMPONENTES!C:C) -> 2 | G3: =ROUNDDOWN(F3/E3,0) -> 2
A4: AUSTEN-001 | B4: VEL-KIT-002 | C4: Vela Sweet Cherry & Amber | D4: =+VLOOKUP(B4,COMPONENTES!A:E,5,0) -> 150 | E4: 1 | F4: =+SUMIF(COMPONENTES!A:A,KITS!B4,COMPONENTES!C:C) -> 0 | G4: =ROUNDDOWN(F4/E4,0) -> 0
A5: AUSTEN-001 | B5: PAP-004 | C5: Separador magnetico | D5: =+VLOOKUP(B5,COMPONENTES!A:E,5,0) -> 46 | E5: 1 | F5: =+SUMIF(COMPONENTES!A:A,KITS!B5,COMPONENTES!C:C) -> 4 | G5: =ROUNDDOWN(F5/E5,0) -> 4
A6: AUSTEN-001 | B6: STK-001 | C6: Stickers exclusivos | D6: =+VLOOKUP(B6,COMPONENTES!A:E,5,0) -> 10 | E6: 1 | F6: =+SUMIF(COMPONENTES!A:A,KITS!B6,COMPONENTES!C:C) -> 0 | G6: =ROUNDDOWN(F6/E6,0) -> 0
A7: AUSTEN-002 | B7: 9780593622452 | C7: Pride and Prejudice Jane Austen Hardcover | D7: =+VLOOKUP(B7,COMPONENTES!A:E,5,0) -> 244 | E7: 1 | F7: =+SUMIF(COMPONENTES!A:A,KITS!B7,COMPONENTES!C:C) -> 2 | G7: =ROUNDDOWN(F7/E7,0) -> 2
A8: AUSTEN-002 | B8: BAG-010 | C8: Tote bag Orgullo y Prejuicio | D8: =+VLOOKUP(B8,COMPONENTES!A:E,5,0) -> 432.2 | E8: 1 | F8: =+SUMIF(COMPONENTES!A:A,KITS!B8,COMPONENTES!C:C) -> 1 | G8: =ROUNDDOWN(F8/E8,0) -> 1
A9: AUSTEN-002 | B9: VEL-KIT-001 | C9: Vela Moonflower | D9: =+VLOOKUP(B9,COMPONENTES!A:E,5,0) -> 150 | E9: 1 | F9: =+SUMIF(COMPONENTES!A:A,KITS!B9,COMPONENTES!C:C) -> 0 | G9: =ROUNDDOWN(F9/E9,0) -> 0
A10: AUSTEN-002 | B10: PAP-004 | C10: Separador magnetico | D10: =+VLOOKUP(B10,COMPONENTES!A:E,5,0) -> 46 | E10: 1 | F10: =+SUMIF(COMPONENTES!A:A,KITS!B10,COMPONENTES!C:C) -> 4 | G10: =ROUNDDOWN(F10/E10,0) -> 4
A11: AUSTEN-002 | B11: STK-001 | C11: Stickers exclusivos | D11: =+VLOOKUP(B11,COMPONENTES!A:E,5,0) -> 10 | E11: 1 | F11: =+SUMIF(COMPONENTES!A:A,KITS!B11,COMPONENTES!C:C) -> 0 | G11: =ROUNDDOWN(F11/E11,0) -> 0
A12: AUSTEN-003 | B12: 9780593622469 | C12: Sense and Sensibility Jane Austen Hardcover | D12: =+VLOOKUP(B12,COMPONENTES!A:E,5,0) -> 244 | E12: 1 | F12: =+SUMIF(COMPONENTES!A:A,KITS!B12,COMPONENTES!C:C) -> 2 | G12: =ROUNDDOWN(F12/E12,0) -> 2
A13: AUSTEN-003 | B13: BAG-001 | C13: Totebag Barnes & Noble (azul) | D13: =+VLOOKUP(B13,COMPONENTES!A:E,5,0) -> 500 | E13: 1 | F13: =+SUMIF(COMPONENTES!A:A,KITS!B13,COMPONENTES!C:C) -> 2 | G13: =ROUNDDOWN(F13/E13,0) -> 2
A14: AUSTEN-003 | B14: VEL-KIT-004 | C14: Vela Moonflower & Vetiver | D14: =+VLOOKUP(B14,COMPONENTES!A:E,5,0) -> 150 | E14: 1 | F14: =+SUMIF(COMPONENTES!A:A,KITS!B14,COMPONENTES!C:C) -> 0 | G14: =ROUNDDOWN(F14/E14,0) -> 0
A15: AUSTEN-003 | B15: PAP-004 | C15: Separador magnetico | D15: =+VLOOKUP(B15,COMPONENTES!A:E,5,0) -> 46 | E15: 1 | F15: =+SUMIF(COMPONENTES!A:A,KITS!B15,COMPONENTES!C:C) -> 4 | G15: =ROUNDDOWN(F15/E15,0) -> 4
A16: AUSTEN-003 | B16: STK-001 | C16: Stickers exclusivos | D16: =+VLOOKUP(B16,COMPONENTES!A:E,5,0) -> 10 | E16: 1 | F16: =+SUMIF(COMPONENTES!A:A,KITS!B16,COMPONENTES!C:C) -> 0 | G16: =ROUNDDOWN(F16/E16,0) -> 0
A17: LTWM-001 | B17: LIB-026 | C17: Little Women (libro) | D17: =+VLOOKUP(B17,COMPONENTES!A:E,5,0) -> 215 | E17: 1 | F17: =+SUMIF(COMPONENTES!A:A,KITS!B17,COMPONENTES!C:C) -> 0 | G17: =ROUNDDOWN(F17/E17,0) -> 0
A18: LTWM-001 | B18: BAG-001 | C18: Totebag Barnes & Noble | D18: =+VLOOKUP(B18,COMPONENTES!A:E,5,0) -> 500 | E18: 1 | F18: =+SUMIF(COMPONENTES!A:A,KITS!B18,COMPONENTES!C:C) -> 2 | G18: =ROUNDDOWN(F18/E18,0) -> 2
A19: LTWM-001 | B19: VEL-KIT-003 | C19: Vela English Ivy & Clover | D19: =+VLOOKUP(B19,COMPONENTES!A:E,5,0) -> 150 | E19: 1 | F19: =+SUMIF(COMPONENTES!A:A,KITS!B19,COMPONENTES!C:C) -> 0 | G19: =ROUNDDOWN(F19/E19,0) -> 0
A20: LTWM-001 | B20: PAP-004 | C20: Separador magnetico | D20: =+VLOOKUP(B20,COMPONENTES!A:E,5,0) -> 46 | E20: 1 | F20: =+SUMIF(COMPONENTES!A:A,KITS!B20,COMPONENTES!C:C) -> 4 | G20: =ROUNDDOWN(F20/E20,0) -> 4
A21: LTWM-001 | B21: STK-001 | C21: Stickers exclusivos | D21: =+VLOOKUP(B21,COMPONENTES!A:E,5,0) -> 10 | E21: 2 | F21: =+SUMIF(COMPONENTES!A:A,KITS!B21,COMPONENTES!C:C) -> 0 | G21: =ROUNDDOWN(F21/E21,0) -> 0

Sheet STOCK_AUTOMATICO
A1: SKU | B1: Nombre | C1: Precio | D1: Costo | E1: Stock calculado
A2: AUSTEN-001 | B2: The Jane Austen Collector's Box - Emma | C2: 1499 | D2: =+SUMIFS(KITS!$D:$D,KITS!$A:$A,STOCK_AUTOMATICO!$A2) -> 950 | E2: {=MIN(IF(KITS!$A$2:$A$500=A2,KITS!$F$2:$F$500))} -> 0
A3: AUSTEN-002 | B3: The Jane Austen Collector's Box - Pride and Prejudice | C3: 1499 | D3: =+SUMIFS(KITS!$D:$D,KITS!$A:$A,STOCK_AUTOMATICO!$A3) -> 882.2 | E3: {=MIN(IF(KITS!$A$2:$A$500=A3,KITS!$F$2:$F$500))} -> 0
A4: AUSTEN-003 | B4: The Jane Austen Collector's Box - Sense & Sensibility | C4: 1499 | D4: =+SUMIFS(KITS!$D:$D,KITS!$A:$A,STOCK_AUTOMATICO!$A4) -> 950 | E4: {=MIN(IF(KITS!$A$2:$A$500=A4,KITS!$F$2:$F$500))} -> 0
A5: LTWM-001 | B5: Collector's Box - Little Women | C5: 1499 | D5: =+SUMIFS(KITS!$D:$D,KITS!$A:$A,STOCK_AUTOMATICO!$A5) -> 921 | E5: {=MIN(IF(KITS!$A$2:$A$500=A5,KITS!$F$2:$F$500))} -> 0
A6: ACC-001 | B6: Termo La Bella y la Bestia | C6: 649 | D6: 432.2 | E6: 1
A7: VEL-002 | B7: Vela Harry Potter | C7: 649 | D7: 432.03 | E7: 1
A8: ACC-003 | B8: Gorra I love sports | C8: 649 | D8: 483.89 | E8: 1
A9: PAP-004 | B9: Separador magnetico | C9: 79 | D9: 46 | E9: 4
A10: PAP-005 | B10: Reading journal | C10: 799 | D10: 553.22 | E10: 1
A11: ACC-006 | B11: Book cover | C11: 499 | D11: 414.91 | E11: 2
A12: ACC-007 | B12: Cobija con diseno de libros | C12: 899 | D12: 604.91 | E12: 1
A13: VEL-008 | B13: Vela Orgullo y Prejuicio | C13: 519 | D13: 345.59 | E13: 0
A14: PAP-009 | B14: Journal bordado (verde) | C14: 799 | D14: 553.22 | E14: 1
A15: BAG-010 | B15: Tote bag Orgullo y Prejuicio | C15: 649 | D15: 432.2 | E15: 1
A16: BAG-011 | B16: Tote bag Toni Morrison | C16: 649 | D16: 432.03 | E16: 1
A17: BAG-012 | B17: Tote bag I love sports romance | C17: 519 | D17: 345.59 | E17: 1
... A32: LIB-027 | B32: Emma (libro) | C32: 499 | D32: 330 | E32: 0
A33: ACC-028 | B33: Tazas Costco de flores | E33: 5
A34: PAP-029 | B34: Separador Rifle Paper Co. | C34: 340 | D34: 170 | E34: 1
A35: PAP-030 | B35: Pluma Rifle Paper Co. | C35: 499 | D35: 280 | E35: 2
A36: ACC-031 | B36: Llavero Rifle Paper Co. | C36: 449 | D36: 330 | E36: 1

Sheet PEDIDOS

Sheet MOVIMIENTOS
